Feature_Set,Split,Train_Size,Test_Size,R2_LGBM,R2_XGB,R2_RF,R2_Ensemble,MAE_LGBM,MAE_XGB,MAE_RF,MAE_Ensemble,RMSE_LGBM,RMSE_XGB,RMSE_RF,RMSE_Ensemble
MOE_only,0,3105,1034,0.5011754207013335,0.5173677951457625,0.5013282976017541,0.5224430273174276,0.5749829128427064,0.5642322719180201,0.5714156578413196,0.5592018243789055,0.7769801214526866,0.7642652869103477,0.7768610501198858,0.7602362614191064
MOE_only,1,3105,1034,0.5876314022604854,0.5826675769907237,0.5925474894970942,0.6001103278057678,0.5525892679314967,0.5622588150275284,0.5530987353174036,0.5448012335870939,0.7606367600826339,0.7652010911295296,0.7560891679723889,0.7490393114812549
MOE_only,2,3105,1034,0.5785276917429729,0.5773500929274071,0.5692244707995722,0.5874399708304516,0.5554472086154825,0.5575460511895628,0.5630413801681585,0.5509012617756003,0.7663751422957714,0.7674450262887685,0.7747871321363395,0.758229123247619
MOE_only,3,3105,1034,0.5462611695952213,0.5566907313998174,0.5438371100036761,0.5631366584256612,0.5561186440531654,0.5541385246568307,0.5586109661482179,0.547208721800827,0.7645677623182066,0.755729567988508,0.7666073596963718,0.750215115718015
MOE_only,4,3105,1034,0.5129636182378603,0.49462048110841994,0.4740842991858387,0.5107519213819398,0.5371335222314448,0.5398307428553671,0.5556303062201938,0.531454148068199,0.728360447389445,0.7419497120933953,0.7568742324948375,0.7300123648545432
MOE_only,5,3105,1034,0.6331751888146278,0.6444169258751671,0.6330851160418887,0.6508868465242426,0.525464571311984,0.5158868837725493,0.5296600163834734,0.5117152776256423,0.7224838167137427,0.7113270306371149,0.7225725131763637,0.7048259383450458
MOE_only,6,3105,1034,0.4769193314592889,0.4777570486534509,0.4598869170617318,0.48841913253486213,0.5596542767675997,0.554074737919599,0.5691460491816983,0.5516953007452575,0.759400466576737,0.7587921304487751,0.7716651252852047,0.7510064579910526
OpenEye_only,0,3105,1034,0.3942875993686591,0.39166559883028695,0.41760973821090563,0.42165239390387477,0.6302605462999527,0.6290772707840516,0.6229748516725965,0.6135118088887743,0.8561881600234592,0.8580392873954154,0.8395431791447647,0.8366242649795164
OpenEye_only,1,3105,1034,0.5132428555206844,0.48105609023275775,0.4968137915393147,0.5146386592324652,0.6165780313364265,0.6299394612063292,0.6207448910465561,0.6107043082926307,0.8264007155661259,0.853286209880276,0.8402313506227661,0.8252149894665343
OpenEye_only,2,3105,1034,0.48532582466958774,0.47125788171414684,0.50611660462127,0.5057123194318228,0.628996055277283,0.6368683796602246,0.6168944840765832,0.6149416696661211,0.8468823379333307,0.8583785177856793,0.8296006802998802,0.8299401598836159
OpenEye_only,3,3105,1034,0.4478626514744244,0.44399495649021836,0.4611441657915383,0.47143141775496433,0.6220305309566493,0.6179358071838172,0.6162097752496023,0.6041372013765562,0.8434057766941575,0.8463546295665201,0.833200080572073,0.8252084782606813
OpenEye_only,4,3105,1034,0.31687574618855163,0.320909870950855,0.34368707407804655,0.3509483420550279,0.643097132145704,0.642999153040364,0.6371209575164888,0.6300596456122168,0.8626120175803904,0.8600612098482705,0.8455146378424249,0.8408243565926021
OpenEye_only,5,3105,1034,0.564599113766231,0.5431451385200361,0.5783156551984319,0.5809408273128118,0.5787504133062165,0.5925157257574439,0.5792839969112992,0.571161874336449,0.7871244929769098,0.8062837324129756,0.7746267872793308,0.7722118251630367
OpenEye_only,6,3105,1034,0.3665216391857834,0.3490784965511122,0.38422267715978375,0.39081863173411047,0.624040431554803,0.6267397558712176,0.6197521781601785,0.610665785514525,0.8357038765257451,0.8471315058952038,0.8239452798707562,0.8195205166545192
Morgan_only,0,3105,1034,0.4418498722377814,0.43988246790958396,0.38262947257976754,0.44466088883936106,0.6208707797039058,0.6201364648332964,0.657221440956343,0.6176537035458766,0.8218858425862252,0.8233330870447224,0.8643884033970016,0.8198135945733339
Morgan_only,1,3105,1034,0.5184330466191007,0.5104504938244733,0.45142908970018536,0.5121414917719807,0.6249430484846195,0.6288026710220648,0.6625219774987793,0.6262738346810721,0.8219830375645453,0.8287677169486796,0.8773056054386544,0.827335117385326
Morgan_only,2,3105,1034,0.47606102916001436,0.46318511061983514,0.43206026047986024,0.4781039228425017,0.6498758847380653,0.6500098618271272,0.681904154948757,0.6458068228666997,0.8544708239712304,0.8649065050490252,0.8896271243269166,0.8528033607417665
Morgan_only,3,3105,1034,0.49205972967759526,0.46810263376107697,0.41968745380880734,0.4835438163972713,0.6118449551339041,0.6196537773383195,0.6529957035790375,0.6133061653610412,0.8089456267080729,0.8278028714540434,0.8646572525615817,0.8156986610695398
Morgan_only,4,3105,1034,0.45045850461485437,0.43451405907598306,0.3677822440881796,0.44519807006305645,0.5917324828074476,0.598017698127481,0.6269747431187868,0.5902266601399907,0.7736880649681418,0.7848317390005588,0.8298488495817621,0.7773822737165349
Morgan_only,5,3105,1034,0.5405007059319513,0.5352914381494029,0.46413211464707205,0.5327416591114944,0.615651340311606,0.6190990216589066,0.6673071029966505,0.6198030676466728,0.8086138886964224,0.813184532254469,0.8732279689860392,0.815412385002969
Morgan_only,6,3105,1034,0.3953757323132635,0.3902256776356605,0.30710980421361467,0.39460953695716894,0.6158638596592084,0.6136953537468752,0.6482144287692329,0.6075147464797714,0.8164494705878838,0.8199192647806994,0.8740146911729249,0.8169666196425904
MOE_Morgan,0,3105,1034,0.5739017739030207,0.5812034021124249,0.5359926795176466,0.5801138667042316,0.5258334091653224,0.5226170807110789,0.5418496264597354,0.519236399875856,0.718109791484307,0.7119304324039468,0.749373621389215,0.7128559050296438
MOE_Morgan,1,3105,1034,0.640860919943651,0.6373192387679523,0.6178025350577229,0.6452012465978658,0.5156534924411135,0.5178107226978649,0.5315568360975889,0.5107935181737308,0.7098487961600197,0.7133403269936369,0.732282099934311,0.7055463668529692
MOE_Morgan,2,3105,1034,0.6181425521455352,0.6201632393761339,0.5925503786525399,0.6230704164816333,0.5307815909619011,0.5319538751515476,0.5512759369702687,0.5260594556175869,0.7294701407877047,0.7275375004427587,0.7535183730499411,0.7247479560612207
MOE_Morgan,3,3105,1034,0.6112268821175232,0.6081863007367553,0.5702063757834412,0.6121577469969177,0.513577584446129,0.5206096411673659,0.5357049667457117,0.5113039302879394,0.7077194354177625,0.7104815701567841,0.744120026617745,0.706871658197487
MOE_Morgan,4,3105,1034,0.5657561905866393,0.5521062035154601,0.5207975268732971,0.5646174907114279,0.5003924978647123,0.4991106272619975,0.5282433920188232,0.4963803828537021,0.6877529624343338,0.6984787137956349,0.7224789152309368,0.6886541053703618
MOE_Morgan,5,3105,1034,0.6903443689585117,0.6968240654347007,0.6601178614499039,0.6956452340442448,0.48684501454853096,0.47791866134167643,0.5074227236938921,0.4791710545601134,0.6638015516041502,0.6568196464743294,0.6954452470201572,0.6580953552883333
MOE_Morgan,6,3105,1034,0.5178685052148184,0.5165207116254061,0.49335321366848295,0.5257289695745735,0.5283582862578176,0.5304984907578223,0.5456454109853595,0.526350757595555,0.7290700799005578,0.7300884226261234,0.7473760398881454,0.7231024340830338
OpenEye_Morgan,0,3105,1034,0.5350236159243262,0.5530349713033351,0.49750560157232593,0.5492760814612561,0.5530041570080951,0.5476955958459604,0.5670118276861827,0.5416395728167318,0.7501557339782629,0.7354832010361952,0.7798329794381644,0.738569362178749
OpenEye_Morgan,1,3105,1034,0.6365652192923485,0.6346014202103158,0.5721083992600087,0.6304505589170228,0.5312512610336684,0.5325124399389936,0.5694237403823486,0.5327810539475535,0.7140814653244514,0.7160081154034443,0.7748210269812169,0.720063491712571
OpenEye_Morgan,2,3105,1034,0.5942845787584392,0.5952680836505779,0.5640011063319526,0.6015281689950076,0.5477583303065622,0.5468072744356594,0.5717730987417903,0.5414294747030289,0.7519130886168637,0.7510011699754998,0.7794703153369676,0.745170578976677
OpenEye_Morgan,3,3105,1034,0.5856829772582666,0.5784770787217614,0.5325957482283212,0.5838692952158052,0.5390010574496896,0.5461272448082266,0.5689912901806136,0.5374374973271607,0.7305995446618875,0.7369255365034454,0.775995741473953,0.7321969063805787
OpenEye_Morgan,4,3105,1034,0.5103374679073543,0.5102942412422042,0.48282725507892,0.5232418695289516,0.5398476283982855,0.5378418208552053,0.5536327791829102,0.53082664700645,0.7303215046609648,0.7303537397865583,0.7505566315777606,0.7206339291327797
OpenEye_Morgan,5,3105,1034,0.6651289354601513,0.6635029427836161,0.6361850750898843,0.6721019281632985,0.5129137057447037,0.5114287140060438,0.524168539782372,0.5013747775152888,0.6902995393733381,0.6919734116636581,0.7195136341900118,0.683074705650618
OpenEye_Morgan,6,3105,1034,0.48563455577304226,0.47477806308149617,0.44350234348011164,0.48848272515643476,0.5534963046193803,0.56448532746885,0.5664616278485392,0.5503132709770222,0.7530475792398171,0.7609532093764287,0.7832820865768607,0.7509597791991172
MOE_OpenEye,0,3105,1034,0.49940132026480377,0.5191262269049568,0.4988217592151778,0.5209575782249767,0.569526211053336,0.5612307204005852,0.5701528854768818,0.5576981095447856,0.7783605840211246,0.7628717467776389,0.7788110216720987,0.7614177073214297
MOE_OpenEye,1,3105,1034,0.5874424803060183,0.5951456219618203,0.5955989339894763,0.6056281392900857,0.5533472996176684,0.5452987820036868,0.5495208663001506,0.5392623963651583,0.7608109786448265,0.7536747008484747,0.7532526410727225,0.7438536133349712
MOE_OpenEye,2,3105,1034,0.583637523202817,0.5822927106479494,0.572869379219412,0.5919056074205539,0.5538561633317384,0.5483932592006441,0.5622837191123898,0.5452795611612616,0.7617152992327288,0.7629444427520838,0.7715023270888499,0.7541143423284699
MOE_OpenEye,3,3105,1034,0.5604205458111324,0.55382695495595,0.5485888214518704,0.5678800889331991,0.5502035480271926,0.5547043240600674,0.5563567181084235,0.5442552477312278,0.7525436600835529,0.7581666437337437,0.7626041483454189,0.7461311088153223
MOE_OpenEye,4,3105,1034,0.5086968459983725,0.49940026241641533,0.4794878351185644,0.5136389860873117,0.5397046663118171,0.5423724321424385,0.5540827910801657,0.5322984844777446,0.7315439583194743,0.7384327685777715,0.7529759303459698,0.7278552675941753
MOE_OpenEye,5,3105,1034,0.6475292975556858,0.6496105213352625,0.634580983087889,0.6564361825713971,0.5121678970485047,0.5140904116999481,0.5289490131906881,0.5084226500708978,0.7082071128034547,0.7061131519430687,0.721098089058402,0.6992017104629468
MOE_OpenEye,6,3105,1034,0.47699485276252385,0.491604654313591,0.46097959361505936,0.4931254063863204,0.5569820575984229,0.5495157111774792,0.5689792414170334,0.5494904388002185,0.759345644264842,0.7486646158704146,0.7708841709838689,0.7475440450692122
All_Combined,0,3105,1034,0.5770165556871675,0.5807986150310369,0.532329363359147,0.5787747155343157,0.5257096828267278,0.5226646001532701,0.5431980292461561,0.5204376551523705,0.7154802827881904,0.7122744068320453,0.7523259406382679,0.7139917628329252
All_Combined,1,3105,1034,0.6420241334857786,0.6367753787557527,0.6161862604133144,0.6440798641694117,0.5169919098059444,0.5232870694055317,0.5315343310399588,0.514061375108053,0.7086983011891217,0.7138749734216419,0.7338288400875096,0.7066604676170812
All_Combined,2,3105,1034,0.6213585606803511,0.6165855193607854,0.5918256898663574,0.6226471725412352,0.5293034185771655,0.5352453322382915,0.551243440583184,0.5287524532602331,0.7263918420723935,0.7309558437164503,0.7541881782162838,0.7251547417494381
All_Combined,3,3105,1034,0.6132449766350732,0.6092557849633271,0.5704914229567053,0.6126819484687137,0.5125087151713166,0.5168572204486545,0.5361101138096376,0.5107839857605144,0.7058801839969122,0.7095112517903848,0.7438732285283991,0.7063937983840114
All_Combined,4,3105,1034,0.566492334449339,0.5514230216474292,0.5224709329193911,0.5653596234314862,0.5007863396790421,0.5047012602475902,0.5283177559617244,0.4986193567134983,0.6871697648606686,0.6990112129825293,0.7212163404564094,0.6880669312108649
All_Combined,5,3105,1034,0.6918920840137687,0.6946176598370157,0.6576962233636091,0.6945293184783186,0.48602484801599755,0.4815338524028918,0.5078381361089273,0.4805359791250994,0.6621405732094773,0.6592053625261509,0.6979183506940032,0.6593007034787168
All_Combined,6,3105,1034,0.5122910326193095,0.5234507836134829,0.49104659453329913,0.5254672705370157,0.5360883062239168,0.5262572204766929,0.5466312179384082,0.5279476684673857,0.7332750277863811,0.7248370838381629,0.7490754034828544,0.7233019076977922
