SMILES,Molecule Name,pEC50
S(=O)(=O)(Nc1cc(C(F)(F)F)ccc1)c1cc(C(=O)[O-])ccc1,OADMET-0006617,4.197676718024028
Fc1ccc2N(C(=O)c3nnsc3)CCN(C)c2c1,OADMET-0006616,3.742883632417534
OC1C(C(C)(C)C)CCN(C(=O)c2cc(N3CC(C)CCC3)ncc2)C1,OADMET-0006615,5.418028623775674
Clc1c(N2CCOCC2)c(NS(=O)(=O)c2c([O-])ccc(C)c2)ccc1,OADMET-0006614,4.9629637866410405
O=C(N1C(c2n(CC)ccn2)CCCC1)c1c(C)n(C)nc1C,OADMET-0006613,4.965656880290923
O=C(N1CCc2ccccc12)c1n[nH]c(-c2occc2)c1,OADMET-0006612,4.5677472451492775
FC1(CNC(=O)c2c(C)n(-c3c(OC)cccc3)nc2)CC(C(=O)[O-])C1,OADMET-0006611,3.533983835535317
S(=O)(=O)(Nc1cc(F)ccc1)c1c(C)cc(C)cc1,OADMET-0006610,4.682729024495014
O=C(NCc1ccc(C(=O)Nc2ccncc2)cc1)C1CCC=CC1,OADMET-0006609,3.8186913081250973
O=C(Nc1ncnc(N(C)C)c1)N1CCCc2ccccc2CC1,OADMET-0006608,4.64119565932266
S(=O)(=O)(NC(C)(C)C)C1(CNc2c(C#N)cncc2)CCC1,OADMET-0006607,5.123934089447315
S(=O)(=O)(NCC(O)c1cccc2ccccc12)c1scc(C)c1,OADMET-0006606,5.433997239238694
S(=O)(=O)(Cc1c(C)cc(C(C)(C)C)cc1C)Cc1oc(C)nn1,OADMET-0006605,5.411877468366823
O=C([O-])C1CCN(C(=O)C2C3(C2)CCc2ccccc32)c2ccccc12,OADMET-0006604,5.229375432847351
O=C(CN1N=CC(=O)c2ccccc12)N1C(C(=O)[O-])Cc2ccccc2C1,OADMET-0006603,3.2927426617717104
Clc1cc(C#N)c(NCC2(S(=O)(=O)NC(C)(C)C)CCC2)cc1,OADMET-0006602,5.649883458686522
Fc1ccc2N(C(=O)c3nc(C)ccc3)CCN(C)c2c1,OADMET-0006601,4.799529392988416
S(=O)(=O)(Nc1cn(C(C)(C)C)nc1)c1n(C)ncc1,OADMET-0006600,3.8345250636462724
Brc1cc(C(=O)NC(C)c2cnccc2)cnc1,OADMET-0006599,3.366710550474777
FC(F)(F)c1cc(-c2nc3onc(C)c3c(C(=O)N3CC(C(O)C)C3)c2)ccc1,OADMET-0006598,5.072524487179247
O=C(N1CCc2ccc(C#N)cc12)c1cc(N2CC(C)CCC2)ncc1,OADMET-0006597,5.336239335905196
Oc1cccc2C(C)CCN(C(=O)C3C4(C3)C[NH2+]CCC4)c12,OADMET-0006596,4.782218241244727
Brc1c(NC(=O)CCCNC(OCC)=O)nn(Cc2c(F)cccc2)c1,OADMET-0006595,4.95973997144061
Brc1ccc2c(C(=O)N3CCCc4c(F)cccc34)n(C)nc2c1,OADMET-0006594,5.444330283014389
O=C(N1CC(c2[nH]cnn2)CC1)C1C2(C1)CCc1ccccc21,OADMET-0006593,4.361680067817495
S(CCCC(=O)N(C)C)C=1n2nc(C)nc2-c2ccccc2N=1,OADMET-0006592,4.872891291317578
O=C(CCc1onc(C2CCCC2)n1)N1CCCCc2c(OC)cccc12,OADMET-0006591,5.631876116639431
Brc1ccc2c(C(=O)N3CC(C)Cc4ccccc34)n(C)nc2c1,OADMET-0006590,5.402114245727409
Cn1c(C2N(c3nc(C)cc(C)n3)CCC2)nnc1,OADMET-0006589,3.6378975851944344
Clc1c(C(O)(C)CNC(=O)c2c(C)n(-c3c(OC)cccc3)nc2)cccc1,OADMET-0006588,5.213941372554643
S(=O)(=O)(CC(=O)N1CCCCC1)c1cc(C)c(C)cc1,OADMET-0006587,4.846625789714679
O=C(NCC1(C)OCCSC1)c1c(C)n(-c2c(OC)cccc2)nc1,OADMET-0006586,5.16046991103481
S(=O)(=O)(N=C1NN2CCCCC2=C1)c1cc(C(F)(F)F)c(C(=O)[O-])cc1,OADMET-0006585,4.114800353485663
O=C(NC1CC(C)(C)OCC1)c1c(C)n(-c2c(OC)cccc2)nc1,OADMET-0006584,5.3196494890540515
O=C(NCc1c(CC)c(CC)nnc1[O-])N1C(c2ccccc2)C(C)(C)C1,OADMET-0006583,5.175009154170124
Fc1ccc(C2OCCN(C(=O)CNc3ccccc3)C2)cc1,OADMET-0006582,4.78603650984447
FC(F)(F)c1c(NC(=O)N2CCN(c3nc(C(C)C)ccn3)CC2)cccc1,OADMET-0006581,5.131088244992701
S(=O)(=O)(Nc1c(C[NH+](C)C)cccc1)c1sc(C)c(C)c1,OADMET-0006580,5.002107252386854
S(Cc1c(C(OC)=O)c2n(n1)CCCC2)c1cc(F)c(F)c(F)c1,OADMET-0006579,5.172988658567292
S(=O)(=O)(N(C)Cc1occc1)c1cc(C)c(C)cc1,OADMET-0006578,4.281640090402854
S(=O)(=O)(C)Cc1oc(C(=O)N2CCCCCc3ccccc23)cc1,OADMET-0006577,5.396361363623627
Brc1c(S(=O)(=O)Nc2c(N3CCOCC3)c(Cl)ccc2)cccc1,OADMET-0006576,5.619098765973984
O=C(N1C(c2ccccc2)c2n(CC1)ccc2)c1ccc(OCC2OCCC2)cc1,OADMET-0006575,5.301063621287335
S(=O)(=O)(N1C(CC2COCC2)COCC1)c1c(-c2ccccc2)cccc1,OADMET-0006574,5.522073046478568
O(Cc1nccnc1)c1ccc(NCC2(C3OCCC3)CC2)cc1,OADMET-0006573,4.276711667711006
Oc1cccc2C(C)CCN(C(=O)c3ccc(OCC(=O)[O-])cc3)c12,OADMET-0006572,4.078941216085667
S(=O)(=O)(N1C(CC)C(C(=O)[O-])CC1)c1cccc2ccc(C)nc12,OADMET-0006571,4.836214072584349
S(=O)(=O)(N(CC)CC)c1cc(NC(=O)C2CCC2)c(OCC)cc1,OADMET-0006570,4.996442927565652
O=C(N1C(CCC)C(=O)NCC1)c1cc(N2CC(C)CCC2)ncc1,OADMET-0006568,4.984876339131832
S(=O)(=O)(NC1CCCCC1)c1ccc(C(=O)NCC(F)(F)F)cc1,OADMET-0006567,4.959959480589259
OC(C)CCNc1nc(-n2cnc3ccccc23)ccc1,OADMET-0006566,3.3866173839876748
O=C(NC1C(C)(C)OCC1)c1cc(N2CC(C)CCC2)ncc1,OADMET-0006565,5.001490141308104
S(=O)(=O)(N(C)Cc1n(C(F)F)ccn1)c1cc(C)c(C)cc1,OADMET-0006564,4.993277635621857
Clc1sc(S(=O)(=O)N2CC(c3cn(C)nc3)=CCC2)cc1,OADMET-0006562,5.17774740196682
S(=O)(=O)(N(CC)CC)c1cc(NC(=O)COC2CCCCC2)c(OC)cc1,OADMET-0006561,5.222471411658361
S(=O)(=O)(Nc1cnc(C(C)C)nc1)c1cn(C2CCC2)nc1,OADMET-0006560,4.560514425885738
Clc1c(Cl)cccc1S(=O)(=O)N=C1NC=C(OC)C=N1,OADMET-0006559,4.429593254357578
S(=O)(=O)(N1CC(c2cn(C)nc2)=CCC1)c1sc(C)c(C)c1,OADMET-0006558,5.029164211123769
S(=O)(=O)(Nc1c(OC)ccc(S(=O)(=O)N(CC)CC)c1)c1ccc(NC(=O)C)cc1,OADMET-0006557,5.190705938137801
O=C(N1C(c2n(CC)ccn2)CCCC1)c1c(C)nc(CC)o1,OADMET-0006556,4.777481312523543
S(=O)(=O)(N(C)Cc1cscc1)c1cc(C)c(C)cc1,OADMET-0006555,4.631028030745664
S(=O)(=O)(N1CC2(CCC2)C2COCC12)c1c(C#N)c(C)ccc1,OADMET-0006554,5.3890112999780975
S(=O)(=O)(N)c1ccc(CCNC(=O)Nc2cc(C(F)(F)F)ccc2)cc1,OADMET-0006553,3.9491391345256246
S(C)C(C)C(=O)NC1CN(c2c(OC(F)F)cccc2)CC1,OADMET-0006552,5.19591906314479
O=C(N)NCc1ccc(C(=O)N2CCCCCc3ccccc23)cc1,OADMET-0006551,4.952063059419948
S(=O)(=O)(NCC)c1ccc(C(=O)N2CCC(C)c3cccc(O)c23)cc1,OADMET-0006550,5.489859007749853
S(C(C)C(=O)Nc1cc(OC)ccc1)C=1n2nc(C)nc2-c2ccccc2N=1,OADMET-0006549,5.353383224977304
FC(F)Oc1c(OC)ccc(NC(=O)C2OCCC2)c1,OADMET-0006548,4.011887411704256
O(C)c1c(-c2nnn(Cc3nn4CCCc4c3)c2)cccc1,OADMET-0006547,4.815551524409519
Clc1c(S(=O)(=O)NCC(O)c2cccc3ccccc23)c(Cl)ccc1,OADMET-0006546,5.7451388167135695
S(=O)(=O)(NC(C)c1cnccc1)c1c(C)cc(C)cc1C,OADMET-0006545,5.358894155390782
FC(F)Oc1c(N2CC(NC(=O)CCOC)CC2)cccc1,OADMET-0006544,4.535312495418173
Clc1c(N2CCOCC2)c(NS(=O)(=O)c2c(C)onc2C)ccc1,OADMET-0006543,4.973118706224452
S(=O)(=O)(NCC(O)c1cccc2ccccc12)c1c(F)cccc1,OADMET-0006542,5.490551253686267
S(=O)(=O)(N1CC([NH+](C)C)C1)c1c(C#N)c(C)ccc1,OADMET-0006541,4.165719600610417
Brc1c(S(=O)(=O)NCC(O)c2cccc3ccccc23)cccc1,OADMET-0006540,5.728197504756955
S(=O)(=O)(N1CCCC1)c1c(OC)ccc(C(=O)NC(C)c2cnccc2)c1,OADMET-0006539,4.97635081078234
Clc1c(-n2c(C3CC3)nnn2)cc(NC(=O)C)cc1,OADMET-0006537,3.7964677865933947
S(=O)(=O)(N(CC)CC)c1cc(NC(=O)C2OCCC2)c(OC)cc1,OADMET-0006536,4.875112035872454
Clc1c(-n2c(C3CC3)nnn2)cc(NC(=O)CCOc2ccccc2)cc1,OADMET-0006535,4.611963617332793
S(=O)(=O)(NC)c1ncc(C(=O)NC2(C)CCC=CC2)cc1,OADMET-0006534,4.513136223711707
O=C(NCc1n(C(C)C)c2ccccc2n1)CC,OADMET-0006533,3.9204991137062346
Clc1c(Cl)cccc1S(=O)(=O)Nc1c(C)n(C)nc1C,OADMET-0006532,4.720983838479015
O=C(N1CCN(c2nc(C(C)C)ccn2)CC1)c1c(-c2ccccc2)nn(C)c1,OADMET-0006531,5.01400670575475
O=C(N1CCN(C2CC2)c2c(C)cccc12)c1nnn(CCC)c1,OADMET-0006530,5.33142996742986
Oc1cccc2C(C)CCN(C(=O)COCc3n(C)ncc3)c12,OADMET-0006529,4.809260555965103
S(=O)(=O)(N(C)C)c1c(CNC(=O)CN2C(=O)C=CC=C2)cccc1,OADMET-0006528,3.9063690844040777
S(=O)(=O)(N1C[C@H](C(=O)[O-])CCC1)c1cccc2ccc(C)nc12,OADMET-0006526,4.083114936340158
O(C)c1c(-c2nnn(Cc3nc(CC)on3)c2)cccc1,OADMET-0006525,4.478193221801673
Fc1c(c(F)ccc1)C1(NC(=O)Nc2nc(N(C)C)ccn2)CCC1,OADMET-0006524,5.14899848244907
Clc1cccc2c(C)c(C(=O)Nc3nn4CCCCc4c3)oc12,OADMET-0006523,4.960283385221829
Clc1c(CNC(=O)c2ccc(S(=O)(=O)NC3CC3)cc2)ccc(Cl)c1,OADMET-0006522,5.093683810540503
O=C([O-])c1ncc(C(=O)N2CCc3ccccc3C2)cc1,OADMET-0006521,3.0424486079042823
O=C(N1CC(C)CC(C)C1)c1n[nH]c(-c2occc2)c1,OADMET-0006520,4.086014330762517
Clc1c(Cl)cccc1NS(=O)(=O)c1cn(C2CCC2)nc1,OADMET-0006519,5.140976670599923
O=C(CCc1onc(C2CCCC2)n1)N1C(Cc2ccccc2)CCCC1,OADMET-0006518,5.230328531375447
S(=O)(=O)(C)N1[C@@H](C)CN(C(=O)Nc2cccc3CCCOc23)CC1,OADMET-0006517,4.666224710025927
O=C(N1C(c2ccccc2)c2n(CC1)ccc2)c1ccc2NC(=O)CCCc2c1,OADMET-0006516,5.252284944575514
FC(F)(CO)CNC(=O)c1cc(N2CC(C)CCC2)ncc1,OADMET-0006515,3.991161894858722
FC(F)n1c(C(NC(=O)C2=CNC(=O)C=C2)C)nc2ccccc12,OADMET-0006514,4.664578676810367
O=C(N1C(c2n(CC)ccn2)CCCC1)c1cn(CC(C)C)nc1,OADMET-0006513,4.919268824625301
FC(F)(F)c1c(C#N)cc(N2CCN(C(=O)C(O)C)CC2)cc1,OADMET-0006512,4.746844355357446
S(=O)(=O)(NC)c1cc(C(=O)Nc2nn3CCCCc3c2)ccc1,OADMET-0006511,4.455317045801235
S(=O)(=O)(N)c1cc(NC(=O)NCCCc2ccccc2)ccc1,OADMET-0006510,3.8046538028220644
S(=O)(=O)(N=C1NC=C(C)N=C1)c1cn(C2CCCC2)nc1,OADMET-0006509,4.2276989047893245
Clc1c(N2CCOCC2)c(NS(=O)(=O)c2c(C(F)(F)F)cccc2)ccc1,OADMET-0006508,5.702338876202743
Clc1c(C(=O)Nc2nn3CCCCc3c2)cc(S(=O)(=O)NC)cc1,OADMET-0006507,5.019863633312717
O=C(NCc1ccc(C(=O)Nc2ccncc2)cc1)CCC(C)(C)C,OADMET-0006506,4.721976987834987
O=C(N1CCn2c(C)nnc2C1)c1c(C)nc(-c2oc(C)cc2)s1,OADMET-0006505,4.670089587461874
S(=O)(=O)(Nc1ccc(F)cc1)c1c(C)cc(C)cc1,OADMET-0006504,4.648419674137321
O=C(N(CC(C)C)C(C)c1c(C)cccc1)c1c(C#N)n(C)nc1,OADMET-0006503,5.171192132136201
S(C)CC1CN(C(=O)c2cc(-c3cc(C(F)(F)F)ccc3)nc3onc(C)c23)CCC1,OADMET-0006502,5.52738002324129
S(=O)(=O)(C)N1CCN(CC(=O)NC(C)c2n(C(F)F)c3ccccc3n2)CC1,OADMET-0006501,4.208698046440761
O=C(N1C(c2n(CC)ccn2)CCCC1)c1n[nH]c(C(C)(C)C)c1,OADMET-0006500,5.397899900009012
S(=O)(=O)(Nc1cn(C(C)(C)C)nc1)c1ccccc1,OADMET-0006499,4.596744913265563
O=C(CCc1onc(C2CCCC2)n1)N1CCCCCC1,OADMET-0006498,4.7837558722549955
O(C(C)(C)C)C(=O)N1CCC(CC=C)(C(=O)NC2CN(C(=O)NC)C2)CC1,OADMET-0006497,4.132389837555717
Clc1c(-n2c(C3CC3)nnn2)cc(NC(=O)NCC#CC)cc1,OADMET-0006496,4.589458267746973
S(=O)(=O)(N1C(C(O)(C)C)CCC1)c1c(-c2oncc2)cccc1,OADMET-0006495,5.0471803778463915
S(=O)(=O)(N(C)Cc1n(CC)c(C)nn1)c1cc(C)c(C)cc1,OADMET-0006494,5.088407341544537
O(C(C)(C)C)C(=O)N1CCC2(C(NC(=O)C3(CC=C)CCCC3)C2)CC1,OADMET-0006493,5.5772461502173885
Clc1c(-n2nc(NC(=O)NCCS(=O)(=O)Nc3cc(F)c(C)cc3)cc2)ccc(C#N)c1,OADMET-0006492,4.57787037643734
O(C(C)(C)C)C(=O)N1CCC2(C(CNC(=O)C3(CC=C)CCCC3)C2)CC1,OADMET-0006491,5.292820350117006
O(C)C(=O)CCC(=O)N1CCC(C(=O)Nc2ccc3OCOc3c2)CC1,OADMET-0006490,3.142394982805656
OC1(C(NC(=O)C2(CC=C)CC2)C)CCN(C(OC(C)(C)C)=O)CC1,OADMET-0006489,5.112428897053536
Clc1c(-n2c(C3CC3)nnn2)cc(NC(=O)C(OCC2CC2)C)cc1,OADMET-0006488,5.040316155950034
S(C(C(C)C)C(=O)N1CCOCC1)C=1n2nc(C)nc2-c2ccccc2N=1,OADMET-0006487,5.539665678938203
S(C(C)c1onc(C)n1)C=1n2nc(C)nc2-c2ccccc2N=1,OADMET-0006486,5.185472988677426
O(C(C)(C)C)C(=O)N1CCC2(CC(NC(=O)C3(CC=C)CC3)C2)CC1,OADMET-0006485,5.118280861329409
O=C(N1CCCc2cc(C#N)ccc12)c1n(C)nc(C(C)(C)C)c1,OADMET-0006484,5.317177834657365
FC(F)(F)c1cc(-c2nc3onc(C)c3c(C(=O)N3C4(C)CC(C3)C4)c2)ccc1,OADMET-0006483,5.701581326988404
S(=O)(=O)(Nc1cc(OCC)c(OCC)cc1)c1cccc2cc(C)cnc12,OADMET-0006482,5.645473654938066
O(C(C)(C)C)C(=O)N1CCC(C)(CNC(=O)C2(CC=C)CC2)CC1,OADMET-0006481,5.377957340678634
FC(F)(F)c1c(C#N)cc(N2CC[NH+](C3CCOCC3)CC2)cc1,OADMET-0006479,4.278781812036906
O=C(N1CCCc2ccccc12)c1c(C)nc(-c2oc(C)cc2)s1,OADMET-0006478,5.724369060716899
O=C(N(C)Cc1cc(C#N)ccc1)C1=Nc2n(C(C(C)(C)C)=C1)ncn2,OADMET-0006477,5.085222235348575
S(=O)(=O)(N)c1ncc(C(=O)N2CCC(C)=CC2)cc1,OADMET-0006476,3.2000553669361387
Brc1c(NCC2(S(=O)(=O)NC(C)(C)C)CCC2)c(C#N)ccc1,OADMET-0006475,6.075568588666184
S(=O)(=O)(N(C)c1c(C(=O)N)cccc1)c1cn(C2CCC2)nc1,OADMET-0006474,4.585356145949592
O=C(NCc1ccc(C(=O)Nc2ccncc2)cc1)CC1CC(C(C)C)OCC1,OADMET-0006472,4.364248718071054
Brc1c(NC(=O)c2c(C)n(CCC)nc2)nn(Cc2c(F)cccc2)c1,OADMET-0006471,5.306128251896264
S(=O)(=O)(Nc1ccccc1)CCNC(=O)Nc1nn(Cc2ccc(F)cc2)cc1,OADMET-0006470,5.279487453715962
S(=O)(=O)(Nc1c(C)c(C)c(C(=O)[O-])cc1)c1sc(C)c(C)c1,OADMET-0006469,4.493879161985676
S(=O)(=O)(N=C1NN2CCCCC2=C1)c1ccc(C(=O)N(CC)CC)cc1,OADMET-0006468,5.06776879403252
S(=O)(=O)(N)c1cc(C)c(CNC(=O)N2C(c3ccccc3)C(C)(C)C2)cc1,OADMET-0006467,5.360614425068545
S(=O)(=O)(Nc1cc(F)c(C)cc1)CCNC(=O)Nc1nn(-c2ccccc2)cc1,OADMET-0006466,5.32135831026582
OC(C)(C)C[NH2+]C1C(CC2CC2)CN(C(OC(C)(C)C)=O)CC1,OADMET-0006465,4.393445616668991
S(=O)(=O)(N1C2C(C(=O)[O-])CC1CC2)c1c(C#N)c(C)ccc1,OADMET-0006464,3.755301322966663
S(=O)(=O)(Nc1cc(O)ccc1)c1c(C)cc(C)cc1,OADMET-0006463,4.608748368340001
Clc1cc(S(=O)(=O)NCC(O)c2cccc3ccccc23)ccc1,OADMET-0006462,5.560120752645137
O(C)C(=O)c1c(CNC(=O)C(C)(CC)C=C)nn2CCCCc12,OADMET-0006461,5.121742640967909
S(=O)(=O)(NCCCN1C(=O)CCC1)C=1C(=O)N(C)C(=O)N(C)C=1,OADMET-0006460,3.000757616671766
Brc1ccc2c(C(=O)N3CCCc4ccc(F)cc34)n(C)nc2c1,OADMET-0006459,5.6189557484622465
O=C(Nc1n(C)ncc1)c1cc(N2CC(C)CCC2)ncc1,OADMET-0006458,4.474735042270689
Oc1cccc2C(C)CCN(C(=O)c3nn(C(C)C)c(C)c3)c12,OADMET-0006457,5.398536533862297
Oc1cccc2C(C)CCN(C(=O)c3ccc4C(C)(C)C(=O)Nc4c3)c12,OADMET-0006456,5.55858860581348
O(C)c1c(NCC2(C3OCCCC3)CCC2)ncnc1C(C)C,OADMET-0006455,4.530616473856348
OCC(NC(=O)c1c(C)n(-c2c(OC)cccc2)nc1)C1CCCC1,OADMET-0006454,5.109956638760533
S(=O)(=O)(Nc1cccc2CC(=O)Nc12)c1c(C2CC2)ccs1,OADMET-0006453,5.24326033308788
S(=O)(=O)(NCCCN1C(=O)CCC1)c1ccc(C)cc1,OADMET-0006452,4.39834608776008
O=C(N)c1c(C)cc(C(=O)N2CCN(C3CC3)c3c(C)cccc23)nc1,OADMET-0006451,5.070618012470938
CC(N1CC[NH+](CC=C(C)C)CC1)c1onc(C2CC2)n1,OADMET-0006450,3.934536085681933
S(=O)(=O)(Nc1cccc2C(=O)NCc12)c1c(C2CC2)ccs1,OADMET-0006449,5.342239038297479
O=C(NC1CC1)[C@H]1N(Cc2[nH+]c3n(c2)C=CC=C3)Cc2ccccc2C1,OADMET-0006448,4.713237388907353
Fc1c(c(F)ccc1)C1(NC(=O)Nc2c(-c3cn(C)nc3)nccc2)CCC1,OADMET-0006447,5.307215301371523
CC(C)C[NH+]1CCN(C(C)c2onc(C3CC3)n2)CC1,OADMET-0006446,3.802073817467871
S(=O)(=O)(Nc1cc(S(=O)(=O)Nc2cc(C(F)(F)F)ccc2)ccc1)C,OADMET-0006445,4.769545015474965
S(=O)(=O)(N=C1NC=C(C)N=C1)c1cccc2CCCOc12,OADMET-0006443,4.555183371192281
S(=O)(=O)(Nc1cn(C(C)(C)C)nc1)c1n(C)ncc1C,OADMET-0006442,4.199065081232681
S(=O)(=O)([N-]c1c(C(=O)N)c(C)ccc1)c1sc(C)c(C)c1,OADMET-0006441,4.831160990483573
Clc1c(Cl)cccc1S(=O)(=O)[N-]c1c(F)cccc1F,OADMET-0006440,4.304520201791015
OC1(CC)CN(c2nc(-n3cnc4ccccc34)ccc2)CCC1,OADMET-0006439,4.674441223729569
Oc1cccc2C(C)CCN(C(=O)c3cc(OC)c(C)c(OC)c3)c12,OADMET-0006438,5.705432040934824
Fc1c(F)cc2CCCN(C(=O)c3c(C)nc(-c4oc(C)cc4)s3)c2c1,OADMET-0006437,5.62504226611647
O=C(Nc1sc(C2CC2)nn1)c1c(C)nc(-c2oc(C)cc2)s1,OADMET-0006436,4.653893218249183
O=C(Nc1ccc2OCOc2c1)C1CCN(C(=O)c2ncccc2)CC1,OADMET-0006435,3.249795245435535
S(C(C)C(=O)N1CCC(C)CC1)C=1n2nc(C)nc2-c2ccccc2N=1,OADMET-0006434,5.41653848931405
FC1(F)CCC(C)(C(=O)NCc2ccc(C(=O)Nc3ccncc3)cc2)CC1,OADMET-0006433,4.599074273859563
O=C(N1CCCc2ccccc2CC1)c1nn(C)cn1,OADMET-0006432,3.818341097122547
S(=O)(=O)(NCCC(=O)NCCCN1C(=O)CCCCC1)c1sccc1,OADMET-0006431,4.41951534042123
Clc1sc(S(=O)(=O)Nc2cc(C(F)(F)F)ccc2)cc1,OADMET-0006430,4.6114459763487226
Clc1ccc(S(=O)(=O)Nc2c(OC)ccc(S(=O)(=O)N(CC)CC)c2)cc1,OADMET-0006429,5.549729902455861
O=C(NC)CNC(=O)C1(CC=C)CCN(C(OC(C)(C)C)=O)CC1,OADMET-0006428,4.040864358722838
O=C(N(C)Cc1ncccn1)C1=Nc2n(C(C(C)(C)C)=C1)ncn2,OADMET-0006427,4.186076002191066
S(=O)(=O)(N(C)C)c1c(CNC(=O)N2CCN(Cc3c(F)cccc3)CC2)cccc1,OADMET-0006426,5.026505509772307
Clc1c(N2CCOCC2)c(NS(=O)(=O)c2c(C)c(C)cc(C(=O)[O-])c2)ccc1,OADMET-0006425,4.9731735939886645
S(=O)(=O)(Nc1c(C(F)(F)F)c(C)ccc1)c1c(C2CC2)ccs1,OADMET-0006424,5.961575724797037
O=C(N1C(c2ccccc2)c2n(CC1)ccc2)c1ccc2OCOc2c1,OADMET-0006423,5.288396707896268
S(CCO)C=1n2nc(C)nc2-c2ccccc2N=1,OADMET-0006422,3.6460257941621768
S(C(C)CC1COCC1)C=1n2nc(C)nc2-c2ccccc2N=1,OADMET-0006421,5.013388102850522
S(=O)(=O)(Nc1c(C2CCC2)cccc1)c1c(C2CC2)ccs1,OADMET-0006420,5.7997872815554
FC(F)(F)c1ncc(C(=O)N2CCc3ccccc3C2)cc1,OADMET-0006419,4.384276977082044
S(=O)(=O)(C)CC(=O)N1CCC(C)c2cccc(O)c12,OADMET-0006418,4.295485474215761
S(C(C)C1CCOCC1)C=1n2nc(C)nc2-c2ccccc2N=1,OADMET-0006417,4.995917808439923
S(=O)(=O)(Nc1c(C2CC2)cccc1)c1c(C2CC2)ccs1,OADMET-0006416,5.841866074120132
Clc1c(Cl)cccc1S(=O)(=O)Nc1ccc2cn[nH]c2c1,OADMET-0006415,5.144571715728311
O(C)C(C)(C(=O)N1CCN(c2nc(C)ncc2)CC1)c1ccccc1,OADMET-0006414,4.883627477618461
O=C(CN1C(=O)N(C)C(=O)C=C1)N1C(C(C)C)CCc2ccccc12,OADMET-0006413,5.230272452784342
S(=O)(=O)(Nc1c(C)c(C(F)(F)F)ccc1)c1c(C2CC2)ccs1,OADMET-0006412,5.82992459395204
Fc1c(c(F)ccc1)C1(NC(=O)Nc2c(C#N)c(C)ns2)CCC1,OADMET-0006411,5.380717428520012
O=C(CCC)N1CCC(C(=O)Nc2ccc3OCOc3c2)CC1,OADMET-0006410,4.110687570522223
O=C(Nc1c(C(C)C)cccc1)N1CCN(c2nc(C(C)C)ccn2)CC1,OADMET-0006409,5.348347791172284
S(=O)(=O)(Nc1cccc2cc[nH]c12)c1c(C2CC2)ccs1,OADMET-0006408,5.823714351604432
CC(N1CCN(c2snc(C)n2)CC1)c1onc(C2CC2)n1,OADMET-0006407,4.461795825783792
Clc1c(-n2c(C3CC3)nnn2)cc(NC(=O)N2CC[NH+](C3CC3)CC2)cc1,OADMET-0006406,4.08280551750068
O=C(NC1CC1)[C@@H]1N(Cc2n(CC)nnc2)Cc2ccccc2C1,OADMET-0006405,4.573022725642581
S(C)c1c(C(=O)NC(C)c2n(C(F)F)c3ccccc3n2)cccc1,OADMET-0006404,5.271314904720615
O(C)c1c(-c2nnn(Cc3n4CCCCCc4nn3)c2)cccc1,OADMET-0006401,4.904147303887147
FC(F)n1c(C(NC(=O)c2ccc(OCC)cc2)C)nc2ccccc12,OADMET-0006400,5.2916768582918685
O(C)C(=O)c1c(CNC(=O)C2CCC(OCC3CCC3)CC2)nn2CCCCc12,OADMET-0006399,5.011379419891319
Fc1c(c(F)ccc1)C1(NC(=O)Nc2nn(CC[NH+](C)C)cc2)CCC1,OADMET-0006398,4.604876788222832
O=C(N1C(c2ccccc2)c2n(CC1)ccc2)c1ccc(N2C(=O)CCC2)cc1,OADMET-0006397,5.012435423183175
S(=O)(=O)(NCCN1C(=O)CCCCC1)c1sc(CC)cc1,OADMET-0006396,5.110696091886393
Clc1cc(S(=O)(=O)Nc2cn(C(C)(C)C)nc2)c(N)nc1,OADMET-0006395,4.980393424211163
O=C(N1C(c2n(CC)ccn2)CCCC1)c1cn2C=CC=Cc2c1,OADMET-0006394,5.523579838351112
S(=O)(=O)(C)c1cc(C(=O)Nc2cccc3CCCOc23)c(CC)cc1,OADMET-0006393,5.316935203366835
O=C(NC1CC1)[C@H]1N(Cc2sc(C)cc2)Cc2ccccc2C1,OADMET-0006392,4.9956572823705505
FC(F)(F)c1cc(-c2nc3onc(C)c3c(C(=O)N3CC(CC(=O)N)C3)c2)ccc1,OADMET-0006391,4.719907574961703
O=C(N1CCc2ccccc12)c1c(C)nc(-c2oc(C)cc2)s1,OADMET-0006390,5.404350773768527
Clc1c(N2CCN(c3snc(C)n3)CCC2)ncc(Cl)c1,OADMET-0006389,4.987951968436324
Clc1c(-n2c(C3CC3)nnn2)cc(NC(=O)NCC(C)=C)cc1,OADMET-0006388,4.908813586253311
O=C(Nc1c(N2CCCC2)cccc1)N1CCN(c2nc(C(C)C)ccn2)CC1,OADMET-0006386,5.328797021082493
O(C)c1c(-c2nnn(CCc3n(C)ncc3)c2)cccc1,OADMET-0006385,4.272653135667373
Oc1ccc(N2CCN(C(C)c3onc(C4CC4)n3)CC2)cc1,OADMET-0006384,4.337438256826083
S(=O)(=O)(Cc1ccc(OC)cc1)Cc1noc2CCCCCc12,OADMET-0006383,4.992358963269144
O=C(NC1CC1)[C@H]1N(Cc2nn(C)c3ccccc23)Cc2ccccc2C1,OADMET-0006382,5.272858982883129
Oc1cccc2C(C)CCN(C(=O)c3n(C)nc(C(=O)[O-])c3)c12,OADMET-0006381,3.3867110264117013
Fc1c(N2CCN(C(C)c3onc(C4CC4)n3)CC2)nccc1,OADMET-0006380,4.863366265024983
OC(C)(C)Cc1nnn(Cc2cn(-c3ccccc3)nc2)c1,OADMET-0006379,4.531928951838818
S(=O)(=O)(N(C)CC1(CO)CC1)c1cc(C)c(C)cc1,OADMET-0006378,4.595713509459883
FC(F)(F)c1cc(-c2nc3onc(C)c3c(C(=O)N3CC(CC#C)CCC3)c2)ccc1,OADMET-0006377,5.631751089339433
S(=O)(=O)(NCCCN1C(=O)CCCCC1)c1c(C)onc1C,OADMET-0006375,4.646990292361016
S(=O)(=O)(Nc1cn(C(C)(C)C)nc1)c1c(C)c(F)ccc1,OADMET-0006374,5.419949084061133
S(=O)(=O)(N=C1NC=CC=C1)CCNC(=O)Nc1nn(-c2c(C#N)cc(F)cc2)cc1,OADMET-0006373,3.411840950765024
FC(F)Oc1c(N2CC(NC(=O)c3c(C)occ3)CC2)cccc1,OADMET-0006372,4.948670494943214
FC(F)n1c(C(NC(=O)CC2CCC=C2)C)nc2ccccc12,OADMET-0006371,5.25852112367406
Clc1c(-n2c(C3CC3)nnn2)cc(NC(=O)C2C[NH2+]CCC2)cc1,OADMET-0006370,3.990737897532132
O=C([O-])C1N(C(=O)C2C3(C2)CCc2ccccc32)CCOC1,OADMET-0006369,3.2717061818412674
S(=O)(=O)(Nc1cc(C(F)(F)F)ccc1)c1c(OC)cc(C)c(C)c1,OADMET-0006368,5.456654035846144
Cc1nc(N2CCN(c3ncnc(N4CCCC4)c3)CCC2)sn1,OADMET-0006367,4.799703508695272
Clc1c(S(=O)(=O)NCC(O)c2cccc3ccccc23)cccc1,OADMET-0006366,5.669751493127012
S(=O)(=O)(NC(C)(C)C)C1(CNc2c(C(=O)N)cncc2)CCC1,OADMET-0006365,4.378716824045681
Clc1c(N2CCOCC2)c(NS(=O)(=O)c2cc(C#N)ccc2)ccc1,OADMET-0006364,5.1176742920907765
Fc1ccc(C(=O)NC(C)c2cnccc2)cc1,OADMET-0006363,3.302919711959511
S(=O)(=O)(Nc1ccccc1)CCNC(=O)Nc1nn(C2CCCCC2)cc1,OADMET-0006362,5.29148568853078
Brc1cc(F)c(C#N)c(NCC2(S(=O)(=O)NC(C)(C)C)CCC2)c1,OADMET-0006361,5.725459053754564
O=C(Nc1nn2CCCCc2c1)c1c(C)c2cccc(C)c2o1,OADMET-0006360,4.946679776391337
Clc1c(N2CCOCC2)c(NS(=O)(=O)c2c(C)cc(F)cc2)ccc1,OADMET-0006359,5.463117453928071
Brc1ccc2c(C(=O)N3CCCc4ccccc34)n(C)nc2c1,OADMET-0006358,5.203206227252134
O=C(CCCc1oc(-c2ccccc2)nn1)N1CCCc2cccc(C)c12,OADMET-0006357,5.444738369906278
Oc1cc(CNC(=O)N2C(c3ccccc3)C(C)(C)C2)ccc1,OADMET-0006356,5.151500020684365
Fc1c(c(F)ccc1)C1(NC(=O)Nc2nccc(C(=O)N(C)C)c2)CCC1,OADMET-0006355,5.412146237389377
S(=O)(=O)(N(C)C)c1c(CNC(=O)c2cc(F)cc(F)c2)cccc1,OADMET-0006354,4.876166438171119
S(=O)(=O)(N1C(C(=O)[O-])COCC1)c1cccc2ccc(C)nc12,OADMET-0006353,3.861293817594491
O=C(N1C(c2nocn2)CCCC1)c1c(C)nc(-c2oc(C)cc2)s1,OADMET-0006352,5.261747564706336
S(=O)(=O)(N(C)C)c1c(OC)ccc(C(=O)NC2(C)CCC=CC2)c1,OADMET-0006351,5.423462575107759
S(=O)(=O)(N(C)Cc1cn(-c2ccccc2)nc1)c1cc(C)c(C)cc1,OADMET-0006350,5.56670927722431
S(=O)(=O)(N1CC(c2cn(C)nc2)=CCC1)c1c(C)cc(C)s1,OADMET-0006349,5.217258334613995
Fc1cc(C)c(-n2nc(NC(=O)N[C@@H](C)C(=O)N(C)C)cc2)cc1,OADMET-0006348,4.228702966251502
,OADMET-0006347,2.4901866488574833
Clc1c(S(=O)(=O)Cc2noc3CCCCCc23)c(F)ccc1,OADMET-0006346,5.420944752599483
S(=O)(=O)(N1CCOCC1)c1cccc2ccccc12,OADMET-0006345,4.226283756930539
FC(F)(F)c1ccc(C(=O)NC(C)c2cnccc2)cc1,OADMET-0006344,3.6603536257969145
O=C(NC1CC1)[C@@H]1N(Cc2sccc2)Cc2ccccc2C1,OADMET-0006343,4.9102228762509466
S(=O)(=O)(N1CC(COC)OC(C)(C)C1)c1c(C#N)c(C)ccc1,OADMET-0006342,5.363803634048205
S(=O)(=O)(CCO)c1ccc(CNC(=O)CC(C)C2CCCCC2)cc1,OADMET-0006341,4.8421041763818975
FC(F)Oc1c(N2CC(NC(=O)C3C(C)(C)C3)CC2)cccc1,OADMET-0006340,5.464854241074258
Clc1c(OCC)ncc(C(=O)N2CCC(C)c3cccc(O)c23)c1,OADMET-0006339,5.197831454113878
FC(F)(F)c1c(C#N)cc(N2CCN(C(OCC)=O)CC2)cc1,OADMET-0006338,4.685282181090738
S(=O)(=O)(Cc1noc2CCCCCc12)c1cc(F)ccc1,OADMET-0006337,5.344892014666935
S(=O)(=O)(NC1CCC(O)CC1)c1ccc(C(=O)NCC(F)(F)F)cc1,OADMET-0006336,3.966414317712144
O=C(N1CCC(C(=O)Nc2ccc3OCOc3c2)CC1)N1CCC1,OADMET-0006335,3.302747192338473
O=C(N(C)Cc1sncc1)C1=Nc2n(C(C(C)(C)C)=C1)ncn2,OADMET-0006334,4.5996562885506025
FC(F)(F)c1c(C#N)cc(N2CCN(Cc3onc(C)c3)CC2)cc1,OADMET-0006333,5.051590917296301
Oc1c(N2CCN(C(C)c3onc(C4CC4)n3)CC2)cccc1,OADMET-0006332,4.77380398789415
O=C(N1CCN(C2CC2)c2c(C)cccc12)c1cc(C#N)[nH]c1,OADMET-0006331,4.604295132793365
O=C(NC1CCCC1)c1c(C)n(-c2c(OC)cccc2)nc1,OADMET-0006330,5.043667715362816
Clc1c(NS(=O)(=O)c2cn(C3CCCC3)nc2)cc(O)cc1,OADMET-0006329,5.202855514819391
Fc1ccc(C2OCCN(C(=O)CCc3c(C)onc3C)C2)cc1,OADMET-0006328,4.810220803096839
S(=O)(=O)(N)c1c(CC)ccc(NC(=O)NCCCc2ccccc2)c1,OADMET-0006327,4.947222785653614
,OADMET-0006326,2.4901866488574833
S(=O)(=O)(Cc1c(CC)onc1C)Cc1noc2CCCCCc12,OADMET-0006325,4.9086156041575135
S(=O)(=O)(NCCCN1C(=O)CCC1)c1sc(C)cc1,OADMET-0006324,4.042669354877257
S(=O)(=O)(N)c1cc(NC(=O)NCCCc2cc(C(F)(F)F)ccc2)ccc1,OADMET-0006323,4.767342905883403
S(=O)(=O)(Nc1ccc(C)cc1)c1cn(C2CCC2)nc1,OADMET-0006322,4.548363663553096
O=C(CCn1ncnc1)N1CCCc2cccc(C)c12,OADMET-0006321,4.001318342602612
O=C(N1C(c2n(CC)ccn2)CCCC1)c1c(N)n(C(C)C)nc1,OADMET-0006320,5.095626128814185
S(=O)(=O)(C)c1cc(NC(=O)NCCCc2cc(C(F)(F)F)ccc2)ccc1,OADMET-0006319,4.8673928715095185
O(C)c1c(-c2nnn(Cc3nn(C4CCCC4)cc3)c2)cccc1,OADMET-0006318,5.2098877776058234
CC(N1CCN(c2ncnc3CCCc23)CC1)c1onc(C2CC2)n1,OADMET-0006317,4.322570508371154
S(=O)(=O)(Nc1cnccc1)c1cn(C2CCCC2)nc1,OADMET-0006316,3.710001033079313
FC(F)(F)c1c(C#N)cc(N2CCN(CC(=O)NCC)CC2)cc1,OADMET-0006315,4.699894720518431
O=C(N1C(c2ccccc2)c2n(CC1)ccc2)c1ccc2OCCCOc2c1,OADMET-0006314,5.518581510113918
S(Cc1c(C(OC)=O)c2n(n1)CCCC2)c1c(F)ccc(F)c1,OADMET-0006313,5.259965333161102
S(=O)(=O)(Cc1oc(C(=O)N2CCCCc3ccccc23)cc1)c1ccccc1,OADMET-0006312,5.460194860694109
S(=O)(=O)(N(C)Cc1onc(CC)n1)c1cc(C)c(C)cc1,OADMET-0006311,4.944085334765836
S(=O)(=O)(N1CC(c2cn(C)nc2)=CCC1)c1cc(C)ccc1,OADMET-0006310,5.178086387705928
S(=O)(=O)(N(C)c1cnc(OC)cc1)c1sc(C)c(C)c1,OADMET-0006309,4.789258274609912
S(=O)(=O)(Nc1c(C2NC(=O)CC2)cccc1)c1c(C2CC2)ccs1,OADMET-0006308,5.220333550380591
O=C([O-])C1N(C(=O)c2c(C)nc(-c3oc(C)cc3)s2)CCOC1,OADMET-0006307,3.106743342584396
FC(F)(F)c1n(C)nc(Cn2nnc(-c3c(OC)cccc3)c2)c1,OADMET-0006306,5.146382793205568
Fc1ccc(C2OCCN(C(=O)Cc3c(C)onc3C)C2)cc1,OADMET-0006305,4.654527507311737
O=C(N1CCN(c2nc(C(C)C)ccn2)CC1)[C@H]1N(C)C[C@@H](OC)C1,OADMET-0006304,4.114321772009286
S(=O)(=O)(NCC(O)c1cccc2ccccc12)c1c(F)cccc1F,OADMET-0006303,5.361616108086157
O=C(N[C@@H](CC)c1ncccc1)C1=Nc2n(C(C(C)(C)C)=C1)ncn2,OADMET-0006302,5.380264296979984
S(=O)(=O)(N(C)Cc1oc(C)c(C)n1)c1cc(C)c(C)cc1,OADMET-0006301,5.12127569583034
S(=O)(=O)(N1CCC(C(=O)[O-])(c2ccccc2)CC1)c1c(C#N)c(C)ccc1,OADMET-0006300,4.400446985945702
Clc1ccc(S(=O)(=O)NCCCN2C(=O)CCC2)cc1,OADMET-0006299,4.433429993898709
Fc1ccc(NCC(=O)N2CC(c3ccc(F)cc3)OCC2)cc1,OADMET-0006298,4.104150480812073
S(=O)(=O)(Cc1cnc(OC)cc1)Cc1noc2CCCCCc12,OADMET-0006297,4.930998169691714
O=C(N1CCN(c2nc(C(C)C)ccn2)CC1)c1c(-c2ccccc2)[nH]nc1,OADMET-0006296,4.87935639461333
O=C(NC)N1C(c2ccccc2)c2n(CC1)ccc2,OADMET-0006295,4.121717516294489
S(=O)(=O)(Nc1cc(C(F)(F)F)ccc1)c1ccc(C(OC)=O)cc1,OADMET-0006294,4.508466662446703
S(C(C)c1nc(C)on1)C=1n2nc(C)nc2-c2ccccc2N=1,OADMET-0006293,5.043831226639723
O(C)c1c(-c2nnn(Cc3n(C)nc(C4CC4)n3)c2)cccc1,OADMET-0006292,4.571437440734273
FC(F)(F)c1cc(CCCNC(=O)N2CC(C(=O)[O-])CC2)ccc1,OADMET-0006291,3.737379420763382
O=C(CN1N=CC(=O)c2ccccc12)N1CCC(C[NH+](C)C)CC1,OADMET-0006290,3.623709206726095
S(=O)(=O)(N1CC(C)C(C(=O)[O-])CC1)c1cccc2ccc(C)nc12,OADMET-0006289,4.680862638663279
O(C)c1c(-c2nnn(Cc3onc(C4CC4)c3)c2)cccc1,OADMET-0006288,4.9941205572615175
S(=O)(=O)(NC1CC1)c1c(OC)ccc(C(=O)NC(C)c2cnccc2)c1,OADMET-0006287,5.032946890763554
FC(F)C1N(C(=O)CCc2onc(C3CCCC3)n2)CCCC1,OADMET-0006286,4.798363428630894
S(=O)(=O)(Nc1cc(C(F)(F)F)ccc1)c1ccc(C(=O)[O-])cc1,OADMET-0006285,4.238255900647538
S(=O)(=O)(N)c1oc(C(=O)N2CCN(C3CC3)c3c(C)cccc23)cc1,OADMET-0006284,5.165558921398798
O=C(NC1CCN(c2c(OC)cccc2)CC1)C1(OC)CCCCC1,OADMET-0006283,5.178070236904863
S(=O)(=O)(NC(C)(C)C)C1(CNc2c(C#N)cncc2)CC1,OADMET-0006282,4.6872962347122975
O=C(CCc1onc(C2CCCC2)n1)N1CC(CC)(CC)C1,OADMET-0006281,4.901185515561824
S(=O)(=O)(Nc1c(OC)ccc(S(=O)(=O)N(CC)CC)c1)c1cc(OC)c(OC)cc1,OADMET-0006280,5.355635583185988
O=C(NCCC1C[NH2+]CC1)c1c(C)n(-c2c(OC)cccc2)nc1,OADMET-0006279,4.102284896815941
S(=O)(=O)(N)Cc1cc(C(=O)N2CCCCCc3ccccc23)ccc1,OADMET-0006278,5.59607714755265
O=C([O-])C(C)(C)C(=O)N1CCC(C(=O)Nc2ccc3OCOc3c2)CC1,OADMET-0006277,2.3820952854842696
S(=O)(=O)(N1C[C@@H]2N(C)CCO[C@@H]2C1)c1c(C#N)c(C)ccc1,OADMET-0006276,4.4751288904461
O(C)c1c(-c2nnn(CCc3n(C)cnc3)c2)cccc1,OADMET-0006275,3.6700157724324565
FC1(F)CC(NC(=O)NCc2c(C(OC)=O)c3n(n2)CCCC3)C1,OADMET-0006274,4.585993073769433
S(=O)(=O)(N(CC)CC)c1cc(NC(=O)C2(C)OCCC2)c(OC(C)C)cc1,OADMET-0006273,5.304558517174806
Clc1cc(C)c(S(=O)(=O)NCCCN2C(=O)CCC2)cc1,OADMET-0006272,5.096604061664062
Brc1c(SCc2c(C(OC)=O)c3n(n2)CCCC3)ccc(F)c1,OADMET-0006271,5.538149836885259
O=C(CN1N=CC(=O)c2ccccc12)N1C(C2[NH+](C)CCC2)CCC1,OADMET-0006270,4.337312625556494
Fc1ccc2N(C(=O)c3c([O-])cccn3)CCN(C)c2c1,OADMET-0006269,4.375851537539408
OC1(C(OCC)=O)CCN(C(=O)C2C3(C2)CCc2ccccc32)CC1,OADMET-0006268,4.935452570539856
FCC1CN(C(=O)c2cc(-c3cc(C(F)(F)F)ccc3)nc3onc(C)c23)CCC1,OADMET-0006267,5.325896754021015
O=C(CN1N=CC(=O)c2ccccc12)N1[C@@H](C(=O)[O-])CCCC1,OADMET-0006266,3.0921049622309935
Clc1ccc2[nH]c(C(=O)N3C(c4n(CC)ccn4)CCCC3)cc2c1,OADMET-0006265,5.665947175279801
S(=O)(=O)(NC1CCCC1)c1ccc(C(=O)NCC(F)(F)F)cc1,OADMET-0006264,4.876122687926107
O=C(N1C(c2n(CC)ccn2)CCCC1)c1nn(CC)nc1,OADMET-0006263,4.630308467140422
S(=O)(=O)(Nc1ccccc1)c1ccc(C(=O)NC(C)c2cnccc2)cc1,OADMET-0006262,5.135259103410127
Fc1ccc(C2OCCN(C(=O)Cn3nnnc3)C2)cc1,OADMET-0006260,3.111972466601706
Brc1ccc(SC2(C(=O)NCc3c(C(OC)=O)c4n(n3)CCCC4)CC2)cc1,OADMET-0006259,5.56797376969535
S(=O)(=O)(NC(C)(C)C)C1(CNc2c(C#N)c(F)ccc2)CCC1,OADMET-0006258,5.673637049485884
S(=O)(=O)(Nc1ccc(C(=O)[O-])cc1)c1c(C)cc(C)cc1,OADMET-0006257,3.7364850680054333
OC(C)(C)Cc1nnn(Cc2nc(C(C)(C)C)oc2)c1,OADMET-0006256,4.065817190669224
Clc1c(F)ccc(CC2(C)N(c3nc(C(=O)N)ncc3)CCC2)c1,OADMET-0006255,5.160841769060752
Brc1c(NCC2(S(=O)(=O)NC(C)(C)C)CCC2)c(C#N)cnc1,OADMET-0006254,5.5580122973501185
O=C(N1CCC(C)CC1)c1cnc(N2C(c3n(C)cnn3)CCC2)cc1,OADMET-0006252,4.523274542986446
FC(F)Oc1c(N2CC(NC(=O)CC3(O)CCCCC3)CC2)cccc1,OADMET-0006251,5.359316929908984
Fc1ccc2N(C(=O)c3n(C)nc(C(=O)[O-])c3)CCN(C)c2c1,OADMET-0006250,3.2030317619837168
Fc1ccc(C2OCCN(C(=O)CN3C(=O)C(C)=C(C)N=C3)C2)cc1,OADMET-0006249,4.384857216109104
Fc1c(OCc2oc(C(=O)N3CCCc4ccccc34)cc2)cccc1,OADMET-0006248,4.96334220183786
FC(F)(F)c1cc(-c2nc3onc(C)c3c(C(=O)N3CC(CC(=O)N)CCC3)c2)ccc1,OADMET-0006247,4.9741634258393495
O(C)C(=O)C=1n2cc(Cn3nnc(-c4sccn4)c3)[nH+]c2C=CC=1,OADMET-0006246,3.410239916214671
S(=O)(=O)(Nc1c(C)ccc(C(=O)NCc2ccncc2)c1)c1c(C)cc(C)cc1C,OADMET-0006245,5.639417495774139
O=C(CN1N=CC(=O)c2ccccc12)N1CC(C(=O)[O-])CCC1,OADMET-0006244,2.8313772895028673
S(=O)(=O)(NC(C)(C)C)C1(CNc2c(C#N)c(F)cc(C)c2)CCC1,OADMET-0006243,5.6649406653849255
O=C(CCc1cnccc1)N1CCCc2cccc(C)c12,OADMET-0006242,4.807798565699161
S(=O)(=O)(N(C)C)c1c(CNC(=O)NCC2(c3ccccc3)CCC2)cccc1,OADMET-0006241,5.508932407265182
O=C(NC1(c2nnn[n-]2)CC1)c1c(C)n(-c2c(OC)cccc2)nc1,OADMET-0006240,3.3911192727188486
S(=O)(=O)(N)c1c(CC)ccc(NC(=O)NCCC(C)c2cc(C(F)(F)F)ccc2)c1,OADMET-0006239,5.89210526147117
O=C([O-])CN1[C@H](C(=O)NC2CC2)Cc2ccccc2C1,OADMET-0006238,2.9292913642206626
O=C(Nc1ccc2OCOc2c1)C1CCN(C(=O)c2n(C)ccc2)CC1,OADMET-0006237,3.8493694201685815
O=C(NCC=1C(=O)NC(C)=CC=1C)N1C(c2ccccc2)C(C)(C)C1,OADMET-0006236,5.220175298337339
OCC1(CNC(=O)C2(CC=C)CCC2)CCN(C(OC(C)(C)C)=O)CC1,OADMET-0006235,5.289724491994999
O=C(Nc1c(OCC)nccc1)N1CCN(c2nc(C(C)C)ccn2)CC1,OADMET-0006234,5.0083070665782214
O=C(NC(C)c1cnccc1)c1cc(C)ccc1,OADMET-0006233,3.334643672553047
O=C(N1CC(C)c2ccccc12)c1n[nH]c(-c2occc2)c1,OADMET-0006232,4.972836717724046
O(C(C)(C)C)C(=O)N1CCC(CC=C)(C(=O)NCC(C)C#N)CC1,OADMET-0006231,5.021369126640311
S(=O)(=O)(N(C)CC(=O)N1CC(O)C1)c1cc(C)c(C)cc1,OADMET-0006230,3.7632423341674035
O=C(N1CCCCc2ccccc12)c1occc1,OADMET-0006229,3.8258395112557637
O=C(CN1N=CC(=O)c2ccccc12)N1C2(CCC1)CCC2,OADMET-0006228,4.712789111761644
O(CC)C(=O)N1CCC(C(=O)Nc2ccc3OCOc3c2)CC1,OADMET-0006227,3.9445508345907294
FC(F)(F)c1sc(NC(=O)NC(C)Cc2cnccc2)nc1,OADMET-0006226,4.089976347836501
FC(F)Oc1c(N2CC(NC(=O)C(C)C)CC2)cccc1,OADMET-0006225,5.011046643467093
OC(CNc1nc(-n2cnc3ccccc23)ccc1)CC,OADMET-0006224,4.044554551293404
S(=O)(=O)(NC1CC1)c1ccc(C(=O)NC(C)(C)CC(=O)[O-])cc1,OADMET-0006222,3.439811329451526
O=C(N1CCCc2ccccc2CC1)c1nc(OC)cnc1,OADMET-0006220,4.402451056608146
O=C(Nc1nn2CCCCc2c1)c1c(C)cc(C)o1,OADMET-0006219,3.9435507377807824
S(=O)(=O)(NCCCN1C(=O)CCCCC1)c1sccc1,OADMET-0006218,4.440468712830287
O=C(NCC1COCC1)c1c(C)nc(-c2oc(C)cc2)s1,OADMET-0006217,4.544082856727281
O=C(N1CCCc2ccccc2CC1)C=1C(C)=Nc2n(ncc2)C=1,OADMET-0006216,4.774534263714694
S(=O)(=O)(N1CC2C3OC(C2C1)C=C3)c1c(C#N)c(C)ccc1,OADMET-0006215,5.154241360204375
S(=O)(=O)(Nc1c(C(F)F)nn(C)c1)c1cn(C2CCC2)nc1,OADMET-0006214,4.500136343826629
O=C(NCc1ccc(C(=O)Nc2ccncc2)cc1)C1C[C@@H](C)O[C@@H](C)C1,OADMET-0006213,3.7004954910814516
Fc1c(c(F)ccc1)C1(NC(=O)Nc2cnc(N(C)C(=O)C)cc2)CCC1,OADMET-0006212,5.213730975300455
CC(N1CCN(c2nccnc2)CC1)c1onc(C2CC2)n1,OADMET-0006211,3.5444362849025155
S(Cc1c(C(OC)=O)c2n(n1)CCCC2)c1n(C2CC2)cnn1,OADMET-0006210,4.95867316963537
O=C(N)NCc1ccc(C(=O)Nc2ccncc2)cc1,OADMET-0006209,2.3576674492396794
O(C)c1c(-c2nnn(Cc3nc(C4CCCCC4)on3)c2)cccc1,OADMET-0006208,4.950678854484329
O=C(N1C(c2ccccc2)c2nc[nH]c2CC1)c1noc2CCCCc12,OADMET-0006207,5.337513672052401
S(Cc1c(C(OC)=O)c2n(n1)CCCC2)c1[nH]c(CC)nn1,OADMET-0006206,4.388834946164658
S(=O)(=O)(N(C)C(C)C)c1ccc(CNC(=O)N2C(c3ccccc3)C(C)(C)C2)cc1,OADMET-0006205,5.619005160264284
S(=O)(=O)(Nc1cccc2C3[NH2+]C(CC3)c12)c1c(C2CC2)ccs1,OADMET-0006204,5.580061621987655
O=C(N1CCC2(C(=O)N(C)CC2)CC1)c1cc(N2CC(C)CCC2)ncc1,OADMET-0006203,4.9951343272167845
Clc1c(S(=O)(=O)NCC(O)c2cccc3ccccc23)ccc(C)c1,OADMET-0006202,5.697790060704835
S(=O)(=O)(NC1CC1)c1ccc(C(=O)NC(C)c2ccncc2)cc1,OADMET-0006201,4.790898219370909
S(=O)(=O)(N=C1C=CC=C2NC=CN=C12)c1c(C2CC2)ccs1,OADMET-0006200,5.348174848301388
Fc1c(c(F)ccc1)C1(NC(=O)Nc2cccc3N(C(=O)C)CCc23)CCC1,OADMET-0006199,5.794711077561514
Clc1c(-n2c(C3CC3)nnn2)cc(NC(=O)C2(C(=O)[O-])CCCC2)cc1,OADMET-0006198,3.850714129985323
S(C)Cc1oc(C(=O)N2CCc3ccccc23)cc1,OADMET-0006197,4.193268240529306
O=C(N(C)Cc1nccnc1)C1=Nc2n(C(C(C)(C)C)=C1)ncn2,OADMET-0006196,3.904047096181191
Clc1c(-n2c(C3CC3)nnn2)cc(NC(=O)NC2C3(CC2)CCCC3)cc1,OADMET-0006195,5.197732462951278
Brc1ccc2c(C(=O)N3CCCc4cc(F)c(F)cc34)n(C)nc2c1,OADMET-0006194,5.32589639380913
O=C(N1CCC(n2nncc2)CC1)c1c(C)nc(-c2oc(C)cc2)s1,OADMET-0006193,4.60547147122526
O=C(N(C)CCn1nccc1)C1=Nc2n(C(C(C)(C)C)=C1)ncn2,OADMET-0006192,4.131979955100093
FC(F)n1c(C(NC(=O)C2(C(=O)[O-])CC=CC2)C)nc2ccccc12,OADMET-0006191,4.654561294393191
O=C(NC1CC1)[C@@H]1N(Cc2[nH]cnc2)Cc2ccccc2C1,OADMET-0006190,4.588603678211862
Clc1c(-n2c(C3CC3)nnn2)cc(NC(=O)CC2OCCC2)cc1,OADMET-0006189,4.532876795654806
S(=O)(=O)(N)c1c(CC)ccc(NC(=O)NCC2[NH2+]CCCC2)c1,OADMET-0006188,3.4884165471971507
S(=O)(=O)(N)c1c(C)oc(C(=O)N2CCCCCc3ccccc23)c1,OADMET-0006187,5.3648685868593535
Clc1c(S(=O)(=O)N=C2N(C)NC=3CCCC2=3)c(C)ccc1,OADMET-0006186,5.246232862242794
S(=O)(=O)(N(CC)CC)c1cc(NC(=O)c2c(C)onc2CC)c(OC(C)C)cc1,OADMET-0006185,5.056133395918636
S(=O)(=O)(Cc1c(C)cc(C(C)(C)C)cc1C)Cc1nocc1,OADMET-0006184,5.376049944421709
O=C(CN1N=CC(=O)c2ccccc12)N1CCOC2CCCC12,OADMET-0006183,4.29364707729165
O=C(N1CCN(C2CC2)c2c(C)cccc12)c1cnc(NC)cc1,OADMET-0006182,5.2521634681944365
S(=O)(=O)(NC(C)C[NH+]1CCOCC1)c1cccc2ccccc12,OADMET-0006181,4.631164671145594
S(=O)(=O)(Nc1c(OC)ccc(S(=O)(=O)N(CC)CC)c1)c1cc(C)c(C)cc1,OADMET-0006180,5.774320052275452
Cc1[nH+]c(C)cc(N2CCN(c3snc(C)n3)CCC2)n1,OADMET-0006179,3.6830807111734023
O=C(N1C(c2ccccc2)c2n(CC1)ccc2)c1ccc(OC)cc1,OADMET-0006178,5.015759288506512
Oc1cccc2C(C)CCN(C(=O)c3nn(C)cn3)c12,OADMET-0006177,3.887548265921774
O(C)C(=O)C=1n2cc(Cn3nnc(-c4n(C)cc[nH+]4)c3)[nH+]c2C=CC=1,OADMET-0006176,3.058116884832833
O=C(N1CC[NH+](CC2COCC2)CC1)c1c(C)nc(-c2oc(C)cc2)s1,OADMET-0006175,3.5821959503349223
O=C(NCc1onc(C2CC2)n1)N1C(c2ccccc2)C(C)(C)C1,OADMET-0006174,5.2007542888163325
Oc1cccc2C(C)CCN(C(=O)c3ccc4OCCOc4c3)c12,OADMET-0006173,5.265296921433206
S(=O)(=O)(N1C(C)(C)COC(c2ccccc2)C1)N1CCOCC1,OADMET-0006172,4.891829188050109
S(=O)(=O)(N1CC(c2cn(C)nc2)=CCC1)c1ccc(OC)cc1,OADMET-0006171,4.9224769140941005
S(=O)(=O)(Nc1cn(CC)nc1)c1c(C)cc(C)cc1,OADMET-0006170,4.444764751020346
S(=O)(=O)(C)Cc1ccc(C(=O)N2CCCCCc3ccccc23)cc1,OADMET-0006169,5.570313819612143
O=C(N1CCCc2ccccc2CC1)c1ccc2nnn(C)c2c1,OADMET-0006168,4.453802523867362
Clc1cc(NCC2(S(=O)(=O)NC(C)(C)C)CCC2)c(C#N)cc1,OADMET-0006167,5.8465512313599985
S(=O)(=O)(N1CC(c2cn(C)nc2)=CCC1)c1c(F)cc(F)cc1,OADMET-0006166,5.016554446341944
Fc1cccc2CCCN(C(=O)CCc3onc(C(C)C)n3)c12,OADMET-0006165,5.264650454795831
FC(F)(F)c1cc(CCCNC(=O)c2cc(NC(=O)C3CC3)ncc2)ccc1,OADMET-0006164,4.974620542296473
S(=O)(=O)(NC)c1ccc(C(=O)N2CCCCCc3ccccc23)cc1,OADMET-0006163,5.422845984071918
Fc1cc(C[NH+]2CCN(C(C)c3onc(C4CC4)n3)CC2)ccc1,OADMET-0006162,4.7370691523799575
O=C(CCc1c(C(=O)[O-])cccc1)N1CCN(c2nc(C(C)C)ccn2)CC1,OADMET-0006161,3.5388615259515683
S(=O)(=O)(N(C)Cc1c(N2CCOCC2)cccc1)c1cc(C)c(C)cc1,OADMET-0006160,5.290988395796023
Fc1ccc(C2OCCN(C(=O)Cc3c(C)cncc3)C2)cc1,OADMET-0006158,4.57730867275661
S(=O)(=O)(Cc1c(C)cc(C(C)(C)C)cc1C)Cc1noc(C)c1,OADMET-0006157,5.4408673209103
Brc1c(NC(=O)CCCN2C(=O)NCC2=O)nn(Cc2c(F)cccc2)c1,OADMET-0006156,4.487240382545679
FC(F)Oc1c(N2CC(NC(=O)C(C)CC)CC2)cccc1,OADMET-0006155,5.199233850154194
Fc1c(CN2[C@@H](C(=O)NC3CC3)Cc3ccccc3C2)ccc(F)c1,OADMET-0006153,4.9606309678436
FC(F)(F)c1cc(-c2nc3onc(C)c3c(C(=O)N3CC(COC)C3)c2)ccc1,OADMET-0006152,5.30505531105547
FC(F)Oc1c(N2CC(NC(=O)NC3(C)CCC3)CC2)cccc1,OADMET-0006151,5.1432695900736745
Clc1c(Cl)cccc1S(=O)(=O)N=C1NC=C(C)C=C1,OADMET-0006150,4.568377261504099
S(=O)(=O)(C)c1cc(C(=O)Nc2cccc3CCCOc23)c(OC)cc1,OADMET-0006149,5.138098682837078
S(=O)(=O)(Nc1cc(OCC)c(OCC)cc1)c1c(C)ccc([N+](=O)[O-])c1,OADMET-0006148,5.410837986181434
O=C(N1C(c2n(CC)ccn2)CCCC1)c1c(C)oc(C#N)c1,OADMET-0006147,4.729979599240228
S(=O)(=O)(Nc1cc(S(=O)(=O)N(C)C)c(OCC)cc1)c1c(C)cc(C)cc1,OADMET-0006146,5.737306240521497
Clc1c(N2CCOCC2)c(NS(=O)(=O)c2ccc(OC)cc2)ccc1,OADMET-0006145,5.149278076321992
Fc1c(c(F)ccc1)C1(NC(=O)Nc2c(C)n(C)nn2)CCC1,OADMET-0006144,5.287225807113963
S(=O)(=O)(Cc1c(C)cc(C(C)(C)C)cc1C)C=1N(CCC)C(=O)NN=1,OADMET-0006142,5.441393657128519
S(=O)(=O)(Nc1cc(C)ccc1)C=1C(=O)N2C=C(C)SC2=NC=1C,OADMET-0006141,5.36298744610393
S(=O)(=O)(Nc1cc(C(F)(F)F)ccc1)c1ccc(C#N)cc1,OADMET-0006140,4.627454974728171
FC(F)(F)COC(=O)N1CCC(C(=O)Nc2ccc3OCOc3c2)CC1,OADMET-0006139,4.220470852770937
O=C(Nc1nccc(C(=O)N(C)C)c1)N1CCCc2ccccc2CC1,OADMET-0006138,4.901557145987259
Brc1c(NC(=O)c2c(CCC(F)(F)F)n(C)nc2)nn(Cc2c(F)cccc2)c1,OADMET-0006137,5.214589737498844
FC(F)(F)CN1CCN(C(C)c2onc(C3CC3)n2)CC1,OADMET-0006136,4.741478894042405
S(=O)(=O)(Nc1ccc(OCC)cc1)c1c(C)cc(C)cc1,OADMET-0006135,5.4122211808587695
S(=O)(=O)(N)c1cc(C#N)c(N2CC3(CCC2)CCC=CC3)cc1,OADMET-0006134,5.419832696485683
Brc1c(NC(=O)c2c(COC)nn(C)c2)nn(Cc2c(F)cccc2)c1,OADMET-0006133,5.034712656129339
S(=O)(=O)(Nc1c(OC)ccc(S(=O)(=O)N(CC)CC)c1)c1ccccc1,OADMET-0006132,5.424991987902221
Clc1c(C(=O)Nc2cccc3CCCOc23)cc(S(=O)(=O)C)cc1,OADMET-0006131,5.255649749564488
S(=O)(=O)(N1C(C)(C)COC(c2cc(F)ccc2)C1)c1c(OC)cccc1,OADMET-0006130,5.762212597991207
S(=O)(=O)(NCC(O)c1cccc2ccccc12)c1sc(C)cc1,OADMET-0006129,5.533621247314555
S(=O)(=O)(Nc1cc(OCC)c(OCC)cc1)c1sccc1,OADMET-0006128,5.225384714686142
S(=O)(=O)(N=C1C(C2CC2)=NC=CN1)c1cn(C2CCC2)nc1,OADMET-0006127,4.563709683956101
S(=O)(=O)(Nc1c(O)c(C(C)(C)C)ccc1)c1cn(C2CCC2)nc1,OADMET-0006126,5.951860065357068
S(=O)(=O)(NCC(O)c1cccc2ccccc12)c1sccc1,OADMET-0006125,5.389942766825667
Fc1c(NC(=O)CC(C)C)ccc(C(=O)N2CCC(C)c3cccc(O)c23)c1,OADMET-0006124,5.480744084245697
O[C@H](CNc1nc(-n2cnc3ccccc23)ccc1)CC,OADMET-0006123,3.987755838837844
Clc1cnc(C(=O)N2CCN(C)c3cc(F)ccc23)cc1,OADMET-0006122,4.8408415178953526
O=C(Cc1cccc2ccccc12)N1CCC(C(=O)Nc2ccc3OCOc3c2)CC1,OADMET-0006121,4.722998540956228
FC(F)n1c(C([NH2+]Cc2cn(C)nc2)C)nc2ccccc12,OADMET-0006120,4.767028565780909
O(C)CC(=O)N1CCN(c2nc(C(C)C)ccn2)CC1,OADMET-0006119,3.3221176028902537
S(=O)(=O)(Nc1ccccc1)CCNC(=O)Nc1nn(-c2c(F)cc(C#N)cc2)cc1,OADMET-0006118,4.417641581083372
S(=O)(=O)(Nc1cc(C(F)(F)F)ccc1)c1ccc(S(=O)(=O)N(C)C)cc1,OADMET-0006117,5.247149202862311
S(=O)(=O)(NC1CC1)c1ccc(C(=O)NCc2ncccc2)cc1,OADMET-0006116,4.406479188152045
FC(F)Oc1c(N2CC(NC(=O)CC(C)C)CC2)cccc1,OADMET-0006115,5.188719495195112
O=C(NC1CC1)[C@H]1N(Cc2n(CC)ncc2)Cc2ccccc2C1,OADMET-0006114,4.934741580210167
O(C)C(=O)C=1n2cc(Cn3nnc(-c4nn(C)cc4)c3)[nH+]c2C=CC=1,OADMET-0006113,2.8006708967992378
Fc1c(c(F)ccc1)C1(NC(=O)Nc2sc(C3CCOCC3)nn2)CCC1,OADMET-0006112,5.521709881681367
Fc1cc(C(NC(=O)C2=Nc3n(C(C(C)(C)C)=C2)ncn3)C)cnc1,OADMET-0006111,5.166463427418841
O=C(NC1CC1)[C@H]1N(Cc2n(C)c(N(C)C)[nH+]c2)Cc2ccccc2C1,OADMET-0006110,4.599208366943591
O=C(N1C(c2ccccc2)c2n(CC1)ccc2)c1ccncc1,OADMET-0006109,4.647958076752842
O=C(N)C(C)(C)N1CCN(C(=O)CN2N=CC(=O)c3ccccc23)CC1,OADMET-0006108,2.9564891020749973
O=C(N1C(c2ccccc2)c2n(CC1)ccc2)C1=CNC(=O)C=C1,OADMET-0006107,4.729251016687041
FC(F)(F)c1cc(CCCNC(=O)c2cc(NC(=O)C(C)C)ncc2)ccc1,OADMET-0006106,4.929889133415764
O=C(N1CCN(C2CC2)c2c(C)cccc12)c1n(CC)ncc1,OADMET-0006105,5.469000410633109
O=C(CCc1onc(C2CCCC2)n1)N1C(C(=O)N)c2ccccc2CC1,OADMET-0006104,4.803234032676712
O=C(Nc1ccc2OCOc2c1)C1CCN(C(=O)c2[nH]c3ccccc3c2)CC1,OADMET-0006103,3.616023017628875
Clc1c(C)ccc(S(=O)(=O)NCCCN2C(=O)CCC2)c1,OADMET-0006102,4.955424265176357
Clc1c(-n2nc(NC(=O)NCCS(=O)(=O)Nc3ccccc3)cc2)cccc1,OADMET-0006101,5.0637904651501415
O(C)C(=O)c1c(CNC(=O)NC2CCCCC2)nn2CCCCc12,OADMET-0006100,5.011746010760775
O=C(N(Cc1ccccc1)C1C(C)(C)OC(C)(C)C1)C1=NN(C)C(=O)C=C1,OADMET-0006099,5.179719653162077
O=C(N1C(c2n(CC)ccn2)CCCC1)c1oc2ccc(C)nc2c1,OADMET-0006098,5.080211050692977
Clc1c(-n2nc(NC(=O)NCCS(=O)(=O)Nc3cc(F)c(C)cc3)cc2)cccc1,OADMET-0006097,5.305601987235235
FC(F)n1c(C(NC(=O)C23CC(C(=O)[O-])(C2)C3)C)nc2ccccc12,OADMET-0006096,4.029113575235143
Brc1c(NC(=O)C2CN(CCC)C(=O)C2)nn(Cc2c(F)cccc2)c1,OADMET-0006095,4.810559571318498
FC(F)n1c(C(NC(=O)c2c(C)cccc2)C)nc2ccccc12,OADMET-0006094,5.103020924991565
S(=O)(=O)(Nc1ccccc1)CCNC(=O)Nc1nn(-c2c(C(F)(F)F)cccc2)cc1,OADMET-0006093,5.461737127491238
Clc1c(C(=O)N2CCN(C3CC3)c3c(C)cccc23)ncc(C(=O)N)c1,OADMET-0006092,5.19513655119025
O=C(NC1CC(C)OC(C)C1)c1cc(N2CC(C)CCC2)ncc1,OADMET-0006091,4.995707434051743
FC1(F)C(CNC(=O)c2c(C)n(-c3c(OC)cccc3)nc2)CCC1,OADMET-0006090,4.999870692436111
S(=O)(=O)(Nc1cc(C(F)(F)F)ccc1)c1ccc(C)cc1,OADMET-0004676,4.861389624859309
O(C)CC1OCCN(C(=O)C2C3(C2)CCc2ccccc32)C1,OADMET-0004675,4.85259883303452
FC(F)(F)c1cc(C#N)c(N2CC3(COCC3)CC2)cc1,OADMET-0004674,4.871113489698716
